{"frameRate":24,"isGlobal":0,"armature":[{"ik":[],"type":"Armature","frameRate":24,"aabb":{"width":180.24999999999997,"y":-142.50000000000003,"height":234.5,"x":-79.49999999999997},"defaultActions":[{"gotoAndPlay":"newAnimation"}],"skin":[{"name":"","slot":[{"display":[{"path":"鼠來寶-04","type":"image","name":"鼠來寶-04","transform":{"skX":-124.6308,"y":3.1102,"skY":-124.6308,"x":31.0422}}],"name":"鼠來寶-04"},{"display":[{"triangles":[66,71,65,65,71,64,64,71,63,71,72,63,82,39,40,82,40,41,44,82,43,43,82,42,82,41,42,72,62,63,82,38,39,45,82,44,60,61,62,72,60,62,67,71,66,72,73,60,46,83,45,83,82,45,82,37,38,68,71,67,73,59,60,82,36,37,47,83,46,68,69,71,69,72,71,48,83,47,70,0,72,73,58,59,70,72,69,82,35,36,49,83,48,83,81,82,82,34,35,50,83,49,73,74,58,74,57,58,1,73,0,51,83,50,0,73,72,74,56,57,52,83,51,33,34,82,53,83,52,1,74,73,81,31,82,54,83,53,31,32,82,32,33,82,2,74,1,74,75,56,56,83,54,81,30,31,55,56,54,84,83,56,84,80,83,75,84,56,80,81,83,2,75,74,79,80,84,2,3,75,3,84,75,81,29,30,80,18,81,81,28,29,17,18,80,18,19,81,81,27,28,4,84,3,5,6,4,4,6,84,6,7,84,7,79,84,8,78,7,7,78,79,26,27,81,79,15,80,16,17,80,22,24,81,21,22,81,24,25,81,25,26,81,19,20,81,20,21,81,15,16,80,22,23,24,8,77,78,78,14,79,14,15,79,9,77,8,13,14,78,77,13,78,12,13,77,9,76,77,10,76,9,76,12,77,11,12,76,10,11,76],"type":"mesh","vertices":[40.3,-101.4,25.175,-95.925,7.45,-82.725,-6.7,-76.575,-17.025,-80.15,-28.925,-84.325,-40.2,-79.475,-45.675,-74.325,-54.675,-65.65,-63.05,-62.425,-71.75,-58.9,-73.75,-54.075,-73.75,-40.55,-70.15,-27.025,-63.7,-18,-60.15,-10.575,-63.7,2.95,-66.275,14.2,-68.525,27.725,-69.5,40.925,-73.4,55.8,-73.7,67.875,-73.7,81.325,-68.7,93.125,-60.75,98.1,-50.3,101.675,-43.475,103,-27.275,103,-16.475,103,-9.15,101,-2.6,99.825,5.3,100.6,13.6,102.15,17.65,103,35.775,103,48.125,103,53.725,101,60.475,97.325,68,90.375,72.05,82.475,73.75,75.15,73.75,63.775,73.75,53.35,73.75,45.45,70.5,34.85,66.65,25.4,62.775,17.475,59.775,9.425,55.725,2.05,52.55,-3.875,48.775,-9.5,43.875,-16.725,41.125,-21.65,38.375,-27.275,33.475,-36.1,31.45,-42.175,28.85,-44.625,34.775,-44.35,39.675,-44.475,52.825,-46.625,61.875,-51.825,68.8,-57.775,71.3,-65.475,73.425,-71.65,73.75,-83.775,73.75,-93.2,71.3,-98.6,65.35,-102.05,60.15,-103,52.45,-103,45.325,-103,63.275,-89.975,49.875,-82.75,37.95,-74.875,24.55,-67.45,13.925,-62.75,-70.325,-54.025,-62.025,-46.8,-51.175,-40.2,-42.025,-34.675,-26.15,-3.15,-25.1,65.925,36.775,80.175,12.75,2.45,-11.675,-59.825],"transform":{"skX":83.4583,"y":14.9541,"skY":83.4583,"x":83.5476},"userEdges":[],"path":"鼠來寶-02","width":147,"height":206,"name":"鼠來寶-02","uvs":[0.77322,0.00777,0.67068,0.03434,0.55051,0.09842,0.45458,0.12828,0.38458,0.11092,0.3039,0.09066,0.22746,0.1142,0.19034,0.1392,0.12932,0.18131,0.07254,0.19697,0.01356,0.21408,0,0.2375,0,0.30316,0.02441,0.36881,0.06814,0.41262,0.0922,0.44867,0.06814,0.51432,0.05068,0.56893,0.03542,0.63459,0.02881,0.69867,0.00237,0.77087,0.00034,0.82949,0.00034,0.89478,0.03424,0.95206,0.08814,0.97621,0.15898,0.99357,0.20525,1,0.31508,1,0.38831,1,0.43797,0.99029,0.48237,0.98459,0.53593,0.98835,0.5922,0.99587,0.61966,1,0.74254,1,0.82627,1,0.86424,0.99029,0.91,0.97245,0.96102,0.93871,0.98847,0.90036,1,0.86481,1,0.80959,1,0.75898,1,0.72063,0.97797,0.66917,0.95186,0.6233,0.92559,0.58483,0.90525,0.54575,0.8778,0.50995,0.85627,0.48119,0.83068,0.45388,0.79746,0.41881,0.77881,0.3949,0.76017,0.3676,0.72695,0.32476,0.71322,0.29527,0.69559,0.28337,0.73576,0.28471,0.76898,0.2841,0.85814,0.27367,0.91949,0.24842,0.96644,0.21954,0.98339,0.18216,0.9978,0.15218,1,0.09333,1,0.04757,0.98339,0.02136,0.94305,0.00461,0.9078,0,0.85559,0,0.80729,0,0.92898,0.06323,0.83814,0.0983,0.75729,0.13653,0.66644,0.17257,0.59441,0.19539,0.02322,0.23774,0.07949,0.27282,0.15305,0.30485,0.21508,0.33167,0.32271,0.48471,0.32983,0.82002,0.74932,0.8892,0.58644,0.51189,0.42085,0.20959],"edges":[0,1,1,2,2,3,3,4,4,5,5,6,6,7,7,8,8,9,9,10,10,11,11,12,12,13,13,14,14,15,15,16,16,17,17,18,18,19,19,20,20,21,21,22,22,23,23,24,24,25,25,26,26,27,27,28,28,29,29,30,30,31,31,32,32,33,33,34,34,35,35,36,36,37,37,38,38,39,39,40,40,41,41,42,42,43,43,44,44,45,45,46,46,47,47,48,48,49,49,50,50,51,51,52,52,53,53,54,54,55,55,56,56,57,57,58,58,59,59,60,60,61,61,62,62,63,63,64,64,65,65,66,66,67,67,68,68,69,69,70,70,0]}],"name":"鼠來寶-02"},{"display":[{"path":"鼠來寶-03","type":"image","name":"鼠來寶-03","transform":{"skX":68.324,"y":-2.8748,"skY":68.324,"x":10.07565}}],"name":"鼠來寶-03"},{"display":[{"triangles":[1,0,2,0,3,2,8,7,4,8,4,0,0,4,3,7,5,4,7,6,5],"type":"mesh","vertices":[0.275,-12.375,18.25,-9.775,18.25,-1.25,6.95,9.85,-1.025,12.75,-13.05,12.75,-18.225,12.45,-18.25,-5.525,-10.825,-12.75],"transform":{"skX":11.525,"y":1.74275,"skY":11.525,"x":8.4216},"userEdges":[],"path":"鼠來寶-05","width":36,"height":25,"name":"鼠來寶-05","uvs":[0.50753,0.01471,1,0.11667,1,0.45098,0.69041,0.88627,0.47192,1,0.14247,1,0.00068,0.98824,0,0.28333,0.20342,0],"edges":[0,1,1,2,2,3,3,4,4,5,5,6,6,7,7,8,8,0]}],"name":"鼠來寶-05"},{"display":[{"path":"鼠來寶-06","type":"image","name":"鼠來寶-06","transform":{"skX":-169.5446,"y":2.49325,"skY":-169.5446,"x":23.84345}}],"name":"鼠來寶-06"},{"display":[{"path":"鼠來寶-06","type":"image","name":"鼠來寶-06","transform":{"skX":-161.5746,"y":-2.14625,"skY":-161.5746,"x":22.7443}}],"name":"鼠來寶-061"},{"display":[{"path":"鼠來寶-04","type":"image","name":"鼠來寶-04","transform":{"skX":-138.7594,"y":-6.0641,"skY":-138.7594,"x":13.5616}}],"name":"鼠來寶-041"}]}],"animation":[{"ik":[],"frame":[],"bone":[{"translateFrame":[],"rotateFrame":[],"name":"root","scaleFrame":[]},{"translateFrame":[],"rotateFrame":[],"name":"鼠來寶-02","scaleFrame":[{"tweenEasing":0,"duration":25},{"tweenEasing":0,"duration":25,"x":0.98},{"duration":0}]},{"translateFrame":[{"tweenEasing":0,"duration":25},{"tweenEasing":0,"y":2.27485,"duration":25,"x":1.3649},{"duration":0}],"rotateFrame":[],"name":"鼠來寶-04","scaleFrame":[{"tweenEasing":0,"duration":25},{"tweenEasing":0,"duration":25,"x":0.99},{"duration":0}]},{"translateFrame":[],"rotateFrame":[],"name":"鼠來寶-041","scaleFrame":[]},{"translateFrame":[],"rotateFrame":[],"name":"鼠來寶-061","scaleFrame":[]},{"translateFrame":[],"rotateFrame":[],"name":"鼠來寶-06","scaleFrame":[]},{"translateFrame":[],"rotateFrame":[],"name":"鼠來寶-03","scaleFrame":[]},{"translateFrame":[{"tweenEasing":0,"duration":32},{"duration":18}],"rotateFrame":[{"tweenEasing":0,"duration":15},{"tweenEasing":0,"duration":3,"rotate":11.995},{"tweenEasing":0,"duration":3,"rotate":0.995},{"tweenEasing":0,"duration":11,"rotate":11.995},{"tweenEasing":0,"duration":9},{"tweenEasing":0,"duration":3,"rotate":11.995},{"tweenEasing":0,"duration":3,"rotate":0.995},{"tweenEasing":0,"duration":3,"rotate":11.995},{"duration":0}],"name":"鼠來寶-05","scaleFrame":[]}],"ffd":[{"frame":[{"tweenEasing":0,"duration":6,"offset":0,"vertices":[]},{"tweenEasing":0,"duration":6,"offset":18,"vertices":[-0.425,-0.85,0.675,-1.4,0.675,-1.4,0,0,0,0,0,0,0,0,0,0,0,0,0,0,0,0,0,0,0,0,0,0,0,0,0,0,0,0,0,0,0,0,0,0,0,0,0,0,0,0,0,0,0,0,0,0,0,0,0,0,0,0,0,0,0,0,0,0,0,0,0,0,0,0,0,0,0,0,0,0,0,0,0,0,0,0,0,0,0,0,0,0,0,0,0,0,0,0,0,0,0,0,0,0,0,0,0,0,0,0,0,0,0,0,0,0,0,0,0,0,0,0,0,0,0,0,0,0,0,0,0,0,0,0,0,0,0,0,1.125,-1.4,0,0,0,0,0,0,0,0,0,0,0,0,0,0,0,0]},{"tweenEasing":0,"duration":6,"offset":0,"vertices":[]},{"tweenEasing":0,"duration":7,"offset":18,"vertices":[-0.425,-0.85,0.675,-1.4,0.675,-1.4,0,0,0,0,0,0,0,0,0,0,0,0,0,0,0,0,0,0,0,0,0,0,0,0,0,0,0,0,0,0,0,0,0,0,0,0,0,0,0,0,0,0,0,0,0,0,0,0,0,0,0,0,0,0,0,0,0,0,0,0,0,0,0,0,0,0,0,0,0,0,0,0,0,0,0,0,0,0,0,0,0,0,0,0,0,0,0,0,0,0,0,0,0,0,0,0,0,0,0,0,0,0,0,0,0,0,0,0,0,0,0,0,0,0,0,0,0,0,0,0,0,0,0,0,0,0,0,0,1.125,-1.4,0,0,0,0,0,0,0,0,0,0,0,0,0,0,0,0]},{"tweenEasing":0,"duration":6,"offset":0,"vertices":[]},{"tweenEasing":0,"duration":7,"offset":18,